Line,Station Number,Station Name
E,1,新宿西口
E,2,東新宿
E,3,若松河田
E,4,牛込柳町
E,5,牛込神楽坂
E,6,飯田橋
E,7,春日
E,8,本郷三丁目
E,9,上野御徒町
E,10,新御徒町
E,11,蔵前
E,12,両国
E,13,森下
E,14,清澄白河
E,15,門前仲町
E,16,月島
E,17,勝どき
E,18,築地市場
E,19,汐留
E,20,大門
E,21,赤羽橋
E,22,麻布十番
E,23,六本木
E,24,青山一丁目
E,25,国立競技場
E,26,代々木
E,27,新宿
E,28,都庁前
E,29,西新宿五丁目
E,30,中野坂上
E,31,東中野
E,32,中井
E,33,落合南長崎
E,34,新江古田
E,35,練馬
E,36,豊島園
E,37,練馬春日町
E,38,光が丘
